email,password
perf001@eshop.local,Perf001!Aa
perf002@eshop.local,Perf002!Aa
perf003@eshop.local,Perf003!Aa
perf004@eshop.local,Perf004!Aa
perf005@eshop.local,Perf005!Aa
perf006@eshop.local,Perf006!Aa
perf007@eshop.local,Perf007!Aa
perf008@eshop.local,Perf008!Aa
perf009@eshop.local,Perf009!Aa
perf010@eshop.local,Perf010!Aa
perf011@eshop.local,Perf011!Aa
perf012@eshop.local,Perf012!Aa
perf013@eshop.local,Perf013!Aa
perf014@eshop.local,Perf014!Aa
perf015@eshop.local,Perf015!Aa
perf016@eshop.local,Perf016!Aa
perf017@eshop.local,Perf017!Aa
perf018@eshop.local,Perf018!Aa
perf019@eshop.local,Perf019!Aa
perf020@eshop.local,Perf020!Aa
perf021@eshop.local,Perf021!Aa
perf022@eshop.local,Perf022!Aa
perf023@eshop.local,Perf023!Aa
perf024@eshop.local,Perf024!Aa
perf025@eshop.local,Perf025!Aa
perf026@eshop.local,Perf026!Aa
perf027@eshop.local,Perf027!Aa
perf028@eshop.local,Perf028!Aa
perf029@eshop.local,Perf029!Aa
perf030@eshop.local,Perf030!Aa
perf031@eshop.local,Perf031!Aa
perf032@eshop.local,Perf032!Aa
perf033@eshop.local,Perf033!Aa
perf034@eshop.local,Perf034!Aa
perf035@eshop.local,Perf035!Aa
perf036@eshop.local,Perf036!Aa
perf037@eshop.local,Perf037!Aa
perf038@eshop.local,Perf038!Aa
perf039@eshop.local,Perf039!Aa
perf040@eshop.local,Perf040!Aa
perf041@eshop.local,Perf041!Aa
perf042@eshop.local,Perf042!Aa
perf043@eshop.local,Perf043!Aa
perf044@eshop.local,Perf044!Aa
perf045@eshop.local,Perf045!Aa
perf046@eshop.local,Perf046!Aa
perf047@eshop.local,Perf047!Aa
perf048@eshop.local,Perf048!Aa
perf049@eshop.local,Perf049!Aa
perf050@eshop.local,Perf050!Aa
perf051@eshop.local,Perf051!Aa
perf052@eshop.local,Perf052!Aa
perf053@eshop.local,Perf053!Aa
perf054@eshop.local,Perf054!Aa
perf055@eshop.local,Perf055!Aa
perf056@eshop.local,Perf056!Aa
perf057@eshop.local,Perf057!Aa
perf058@eshop.local,Perf058!Aa
perf059@eshop.local,Perf059!Aa
perf060@eshop.local,Perf060!Aa
perf061@eshop.local,Perf061!Aa
perf062@eshop.local,Perf062!Aa
perf063@eshop.local,Perf063!Aa
perf064@eshop.local,Perf064!Aa
perf065@eshop.local,Perf065!Aa
perf066@eshop.local,Perf066!Aa
perf067@eshop.local,Perf067!Aa
perf068@eshop.local,Perf068!Aa
perf069@eshop.local,Perf069!Aa
perf070@eshop.local,Perf070!Aa
perf071@eshop.local,Perf071!Aa
perf072@eshop.local,Perf072!Aa
perf073@eshop.local,Perf073!Aa
perf074@eshop.local,Perf074!Aa
perf075@eshop.local,Perf075!Aa
perf076@eshop.local,Perf076!Aa
perf077@eshop.local,Perf077!Aa
perf078@eshop.local,Perf078!Aa
perf079@eshop.local,Perf079!Aa
perf080@eshop.local,Perf080!Aa
perf081@eshop.local,Perf081!Aa
perf082@eshop.local,Perf082!Aa
perf083@eshop.local,Perf083!Aa
perf084@eshop.local,Perf084!Aa
perf085@eshop.local,Perf085!Aa
perf086@eshop.local,Perf086!Aa
perf087@eshop.local,Perf087!Aa
perf088@eshop.local,Perf088!Aa
perf089@eshop.local,Perf089!Aa
perf090@eshop.local,Perf090!Aa
perf091@eshop.local,Perf091!Aa
perf092@eshop.local,Perf092!Aa
perf093@eshop.local,Perf093!Aa
perf094@eshop.local,Perf094!Aa
perf095@eshop.local,Perf095!Aa
perf096@eshop.local,Perf096!Aa
perf097@eshop.local,Perf097!Aa
perf098@eshop.local,Perf098!Aa
perf099@eshop.local,Perf099!Aa
perf100@eshop.local,Perf100!Aa
perf101@eshop.local,Perf101!Aa
perf102@eshop.local,Perf102!Aa
perf103@eshop.local,Perf103!Aa
perf104@eshop.local,Perf104!Aa
perf105@eshop.local,Perf105!Aa
perf106@eshop.local,Perf106!Aa
perf107@eshop.local,Perf107!Aa
perf108@eshop.local,Perf108!Aa
perf109@eshop.local,Perf109!Aa
perf110@eshop.local,Perf110!Aa
perf111@eshop.local,Perf111!Aa
perf112@eshop.local,Perf112!Aa
perf113@eshop.local,Perf113!Aa
perf114@eshop.local,Perf114!Aa
perf115@eshop.local,Perf115!Aa
perf116@eshop.local,Perf116!Aa
perf117@eshop.local,Perf117!Aa
perf118@eshop.local,Perf118!Aa
perf119@eshop.local,Perf119!Aa
perf120@eshop.local,Perf120!Aa
perf121@eshop.local,Perf121!Aa
perf122@eshop.local,Perf122!Aa
perf123@eshop.local,Perf123!Aa
perf124@eshop.local,Perf124!Aa
perf125@eshop.local,Perf125!Aa
perf126@eshop.local,Perf126!Aa
perf127@eshop.local,Perf127!Aa
perf128@eshop.local,Perf128!Aa
perf129@eshop.local,Perf129!Aa
perf130@eshop.local,Perf130!Aa
perf131@eshop.local,Perf131!Aa
perf132@eshop.local,Perf132!Aa
perf133@eshop.local,Perf133!Aa
perf134@eshop.local,Perf134!Aa
perf135@eshop.local,Perf135!Aa
perf136@eshop.local,Perf136!Aa
perf137@eshop.local,Perf137!Aa
perf138@eshop.local,Perf138!Aa
perf139@eshop.local,Perf139!Aa
perf140@eshop.local,Perf140!Aa
perf141@eshop.local,Perf141!Aa
perf142@eshop.local,Perf142!Aa
perf143@eshop.local,Perf143!Aa
perf144@eshop.local,Perf144!Aa
perf145@eshop.local,Perf145!Aa
perf146@eshop.local,Perf146!Aa
perf147@eshop.local,Perf147!Aa
perf148@eshop.local,Perf148!Aa
perf149@eshop.local,Perf149!Aa
perf150@eshop.local,Perf150!Aa
perf151@eshop.local,Perf151!Aa
perf152@eshop.local,Perf152!Aa
perf153@eshop.local,Perf153!Aa
perf154@eshop.local,Perf154!Aa
perf155@eshop.local,Perf155!Aa
perf156@eshop.local,Perf156!Aa
perf157@eshop.local,Perf157!Aa
perf158@eshop.local,Perf158!Aa
perf159@eshop.local,Perf159!Aa
perf160@eshop.local,Perf160!Aa
perf161@eshop.local,Perf161!Aa
perf162@eshop.local,Perf162!Aa
perf163@eshop.local,Perf163!Aa
perf164@eshop.local,Perf164!Aa
perf165@eshop.local,Perf165!Aa
perf166@eshop.local,Perf166!Aa
perf167@eshop.local,Perf167!Aa
perf168@eshop.local,Perf168!Aa
perf169@eshop.local,Perf169!Aa
perf170@eshop.local,Perf170!Aa
perf171@eshop.local,Perf171!Aa
perf172@eshop.local,Perf172!Aa
perf173@eshop.local,Perf173!Aa
perf174@eshop.local,Perf174!Aa
perf175@eshop.local,Perf175!Aa
perf176@eshop.local,Perf176!Aa
perf177@eshop.local,Perf177!Aa
perf178@eshop.local,Perf178!Aa
perf179@eshop.local,Perf179!Aa
perf180@eshop.local,Perf180!Aa
perf181@eshop.local,Perf181!Aa
perf182@eshop.local,Perf182!Aa
perf183@eshop.local,Perf183!Aa
perf184@eshop.local,Perf184!Aa
perf185@eshop.local,Perf185!Aa
perf186@eshop.local,Perf186!Aa
perf187@eshop.local,Perf187!Aa
perf188@eshop.local,Perf188!Aa
perf189@eshop.local,Perf189!Aa
perf190@eshop.local,Perf190!Aa
perf191@eshop.local,Perf191!Aa
perf192@eshop.local,Perf192!Aa
perf193@eshop.local,Perf193!Aa
perf194@eshop.local,Perf194!Aa
perf195@eshop.local,Perf195!Aa
perf196@eshop.local,Perf196!Aa
perf197@eshop.local,Perf197!Aa
perf198@eshop.local,Perf198!Aa
perf199@eshop.local,Perf199!Aa
perf200@eshop.local,Perf200!Aa
perf201@eshop.local,Perf201!Aa
perf202@eshop.local,Perf202!Aa
perf203@eshop.local,Perf203!Aa
perf204@eshop.local,Perf204!Aa
perf205@eshop.local,Perf205!Aa
perf206@eshop.local,Perf206!Aa
perf207@eshop.local,Perf207!Aa
perf208@eshop.local,Perf208!Aa
perf209@eshop.local,Perf209!Aa
perf210@eshop.local,Perf210!Aa
perf211@eshop.local,Perf211!Aa
perf212@eshop.local,Perf212!Aa
perf213@eshop.local,Perf213!Aa
perf214@eshop.local,Perf214!Aa
perf215@eshop.local,Perf215!Aa
perf216@eshop.local,Perf216!Aa
perf217@eshop.local,Perf217!Aa
perf218@eshop.local,Perf218!Aa
perf219@eshop.local,Perf219!Aa
perf220@eshop.local,Perf220!Aa
perf221@eshop.local,Perf221!Aa
perf222@eshop.local,Perf222!Aa
perf223@eshop.local,Perf223!Aa
perf224@eshop.local,Perf224!Aa
perf225@eshop.local,Perf225!Aa
perf226@eshop.local,Perf226!Aa
perf227@eshop.local,Perf227!Aa
perf228@eshop.local,Perf228!Aa
perf229@eshop.local,Perf229!Aa
perf230@eshop.local,Perf230!Aa
perf231@eshop.local,Perf231!Aa
perf232@eshop.local,Perf232!Aa
perf233@eshop.local,Perf233!Aa
perf234@eshop.local,Perf234!Aa
perf235@eshop.local,Perf235!Aa
perf236@eshop.local,Perf236!Aa
perf237@eshop.local,Perf237!Aa
perf238@eshop.local,Perf238!Aa
perf239@eshop.local,Perf239!Aa
perf240@eshop.local,Perf240!Aa
