timestamp,elapsed_s,cpu_percent,working_set_mb,private_mb,threads,handles
2026-08-17T22:54:37,2,0,52.8,62.7,13,211
2026-08-17T22:54:39,4.1,0.1,53,63,13,213
2026-08-17T22:54:41,6.1,0.19,53,63,13,214
2026-08-17T22:54:43,8.1,0.29,53.1,63,13,215
2026-08-17T22:54:45,10.1,0.49,53.2,63,13,216
2026-08-17T22:54:47,12.1,0,53.2,63,13,217
2026-08-17T22:54:49,14.1,0.68,53.3,63.2,13,218
2026-08-17T22:54:51,16.2,0.88,53.7,63.5,13,219
2026-08-17T22:54:53,18.2,0.58,53.9,63.8,13,220
2026-08-17T22:54:55,20.2,0.49,54.2,63.8,13,221
2026-08-17T22:54:57,22.2,1.07,54.4,64.3,13,222
2026-08-17T22:54:59,24.2,0.58,55.1,65.3,13,223
2026-08-17T22:55:01,26.2,1.36,56.4,68.5,13,224
2026-08-17T22:55:03,28.2,0.88,57.1,68.2,13,225
2026-08-17T22:55:05,30.2,1.75,57.2,67.9,13,226
2026-08-17T22:55:07,32.2,1.55,58.1,68.5,13,227
2026-08-17T22:55:09,34.2,1.46,59.4,73.2,13,229
2026-08-17T22:55:11,36.3,1.26,61,73.2,13,229
2026-08-17T22:55:13,38.3,1.56,62.2,73.4,13,230
2026-08-17T22:55:15,40.3,1.36,62.3,73.4,13,231
2026-08-17T22:55:17,42.3,1.26,62.4,74.2,13,232
2026-08-17T22:55:19,44.3,1.85,62.6,73.9,13,233
2026-08-17T22:55:21,46.3,2.03,62.5,81.6,13,235
2026-08-17T22:55:23,48.3,1.75,64.2,81.9,13,235
2026-08-17T22:55:25,50.3,1.45,66.5,82.7,13,236
2026-08-17T22:55:27,52.4,1.65,69.3,82.4,13,237
2026-08-17T22:55:29,54.4,1.65,70.3,83.4,13,238
2026-08-17T22:55:31,56.4,2.04,70.9,84.8,13,238
2026-08-17T22:55:33,58.4,2.72,70.5,83.4,13,238
2026-08-17T22:55:35,60.4,1.75,70.9,83.8,13,238
2026-08-17T22:55:37,62.4,1.65,71,84.2,13,238
2026-08-17T22:55:39,64.4,1.56,71,84.2,13,238
2026-08-17T22:55:42,66.4,2.04,70.4,83.4,13,238
2026-08-17T22:55:44,68.4,2.91,71.4,100.2,13,238
2026-08-17T22:55:46,70.4,1.84,71.4,100.2,13,238
2026-08-17T22:55:48,72.5,1.65,73.8,100.2,13,238
2026-08-17T22:55:50,74.5,1.94,77.8,100.9,13,239
2026-08-17T22:55:52,76.5,1.26,78.4,101.2,13,238
2026-08-17T22:55:54,78.5,1.93,80.4,100.9,13,238
2026-08-17T22:55:56,80.5,2.24,83.8,100.8,13,238
2026-08-17T22:55:58,82.5,2.92,84.1,100.5,13,238
2026-08-17T22:56:00,84.5,1.94,84.3,101.1,12,238
2026-08-17T22:56:02,86.5,1.65,84.5,101.1,12,238
2026-08-17T22:56:04,88.5,1.65,84.8,101.1,12,238
2026-08-17T22:56:06,90.6,2.33,85,101.5,12,238
2026-08-17T22:56:08,92.6,2.13,84.8,101.3,12,238
2026-08-17T22:56:10,94.6,1.46,86.3,103.2,12,238
2026-08-17T22:56:12,96.6,2.23,86.3,103.2,12,238
2026-08-17T22:56:14,98.6,2.23,86.4,103.9,12,238
2026-08-17T22:56:16,100.6,1.17,87.9,105.1,12,238
2026-08-17T22:56:18,102.6,1.36,87.7,104.4,12,238
2026-08-17T22:56:20,104.6,1.75,88.1,104.6,12,238
2026-08-17T22:56:22,106.6,2.04,90.5,139.4,12,238
2026-08-17T22:56:24,108.7,1.07,90.5,139.6,12,238
2026-08-17T22:56:26,110.7,1.46,90.4,139.9,12,238
2026-08-17T22:56:28,112.7,1.82,91.4,140.1,12,238
2026-08-17T22:56:30,114.7,2.43,95.4,140.4,12,238
2026-08-17T22:56:32,116.7,0.97,99,140.4,12,238
2026-08-17T22:56:34,118.7,2.32,102.7,139.8,12,238
2026-08-17T22:56:36,120.7,1.94,103,139.1,12,238
2026-08-17T22:56:38,122.8,2.52,103.6,140.2,12,238
2026-08-17T22:56:40,124.8,2.03,104.5,140.3,12,238
2026-08-17T22:56:42,126.8,2.34,108.2,140.3,12,238
2026-08-17T22:56:44,128.8,1.75,111.9,140.4,12,238
2026-08-17T22:56:46,130.8,1.26,115.4,140.4,12,239
2026-08-17T22:56:48,132.8,2.42,116.2,140.3,12,238
2026-08-17T22:56:50,134.8,1.55,116.2,140.3,12,238
2026-08-17T22:56:52,136.8,1.75,116.4,140.4,12,238
2026-08-17T22:56:54,138.8,2.33,116.5,140.5,12,238
2026-08-17T22:56:56,140.9,1.84,116.6,140.5,12,238
2026-08-17T22:56:58,142.9,2.23,116.7,140.5,12,238
2026-08-17T22:57:00,144.9,2.04,116.3,140.1,12,238
2026-08-17T22:57:02,146.9,1.94,116.3,140.1,12,238
2026-08-17T22:57:04,148.9,2.03,116.7,140.5,12,238
2026-08-17T22:57:06,150.9,1.56,117,140.9,12,238
2026-08-17T22:57:08,152.9,1.46,116.5,140.1,12,238
2026-08-17T22:57:10,154.9,1.85,116.6,140.1,12,238
2026-08-17T22:57:12,156.9,3.69,118,142.1,12,238
2026-08-17T22:57:14,159,2.14,117.4,141.2,12,238
2026-08-17T22:57:16,161,2.33,118,142.6,12,238
2026-08-17T22:57:18,163,1.75,118,142.6,12,238
2026-08-17T22:57:20,165,2.04,118,142.6,12,238
2026-08-17T22:57:22,167,2.24,118.1,142.7,12,238
2026-08-17T22:57:24,169,1.94,118.7,143.2,12,238
2026-08-17T22:57:26,171,2.52,117.7,141.6,12,238
2026-08-17T22:57:28,173,1.65,117.8,141.6,12,238
2026-08-17T22:57:30,175,2.04,117.8,141.7,12,239
2026-08-17T22:57:32,177.1,1.94,117.9,141.7,12,238
2026-08-17T22:57:34,179.1,2.14,117.9,141.7,12,238
2026-08-17T22:57:36,181.1,2.42,118.1,141.9,12,238
2026-08-17T22:57:38,183.1,2.04,117.9,141.6,12,238
2026-08-17T22:57:40,185.1,1.07,118,141.7,12,238
2026-08-17T22:57:42,187.1,1.94,118,141.7,12,238
2026-08-17T22:57:44,189.1,2.53,118.3,142.8,12,238
2026-08-17T22:57:46,191.1,2.13,118.9,143.3,12,238
2026-08-17T22:57:48,193.1,2.62,118.3,142,12,238
2026-08-17T22:57:50,195.2,1.55,118.5,142.5,12,238
2026-08-17T22:57:52,197.2,2.23,119.7,206.6,12,238
2026-08-17T22:57:54,199.2,1.36,120,207.1,12,238
2026-08-17T22:57:56,201.2,2.43,120.4,207.4,12,238
2026-08-17T22:57:58,203.2,2.03,120.4,207.4,12,238
2026-08-17T22:58:00,205.2,1.65,120.4,207.4,12,238
2026-08-17T22:58:02,207.2,1.85,120.5,207.4,12,238
2026-08-17T22:58:04,209.2,1.17,120.5,207.4,12,238
2026-08-17T22:58:06,211.3,2.63,123.5,207.4,12,238
2026-08-17T22:58:08,213.3,1.74,127.1,207.5,12,238
2026-08-17T22:58:10,215.3,2.33,131,207.8,12,238
2026-08-17T22:58:12,217.3,2.52,134.9,208.3,12,238
2026-08-17T22:58:14,219.3,1.75,138.7,208.3,12,238
2026-08-17T22:58:16,221.3,3.21,143.1,209.4,12,238
2026-08-17T22:58:18,223.3,2.14,146.5,209.3,12,238
2026-08-17T22:58:20,225.3,2.62,146.5,208,12,238
2026-08-17T22:58:22,227.4,2.62,147.1,208.8,12,238
2026-08-17T22:58:24,229.4,2.14,147.3,208.9,12,239
2026-08-17T22:58:26,231.4,2.32,147.4,209,12,238
2026-08-17T22:58:28,233.4,2.34,147.4,209,12,238
2026-08-17T22:58:30,235.4,1.65,148,209,12,238
2026-08-17T22:58:32,237.4,2.14,151.7,209,12,238
2026-08-17T22:58:35,239.4,1.94,154.1,209,12,238
2026-08-17T22:58:37,241.4,1.16,157.4,209,12,238
2026-08-17T22:58:39,243.4,1.85,160.7,209,12,238
2026-08-17T22:58:41,245.5,1.94,165.1,209.9,12,238
2026-08-17T22:58:43,247.5,2.04,168.6,209.9,12,238
2026-08-17T22:58:45,249.5,1.75,172,209.9,12,238
2026-08-17T22:58:47,251.5,2.52,170.5,208.5,15,239
2026-08-17T22:58:49,253.5,1.55,170.7,208.7,15,238
2026-08-17T22:58:51,255.5,1.65,170.7,208.7,15,238
2026-08-17T22:58:53,257.5,2.33,170.9,208.9,15,238
2026-08-17T22:58:55,259.5,1.84,171.1,209.1,15,238
2026-08-17T22:58:57,261.6,2.03,171.6,209.7,15,238
2026-08-17T22:58:59,263.6,2.04,171.6,209.7,15,238
2026-08-17T22:59:01,265.6,2.62,171.7,209.8,15,238
2026-08-17T22:59:03,267.6,1.75,172,210,15,239
2026-08-17T22:59:05,269.6,2.43,172,210,15,238
2026-08-17T22:59:07,271.6,1.94,172,210,15,238
2026-08-17T22:59:09,273.6,2.53,172,210,15,238
2026-08-17T22:59:11,275.6,2.14,171.9,209.5,15,238
2026-08-17T22:59:13,277.6,2.14,172,209.6,15,238
2026-08-17T22:59:15,279.6,2.51,170.4,209.1,15,238
2026-08-17T22:59:17,281.7,3.1,170.5,209.1,15,238
2026-08-17T22:59:19,283.7,1.94,170.5,209.1,15,238
2026-08-17T22:59:21,285.7,2.62,170.6,209.2,15,238
2026-08-17T22:59:23,287.7,1.65,170.6,209.2,15,238
2026-08-17T22:59:25,289.7,2.13,170.6,209.2,15,238
2026-08-17T22:59:27,291.7,1.17,170.6,209.2,15,238
2026-08-17T22:59:29,293.7,2.34,170.7,209.3,15,238
2026-08-17T22:59:31,295.7,2.43,170.8,209.3,15,238
2026-08-17T22:59:33,297.7,2.14,170.8,209.3,15,238
2026-08-17T22:59:35,299.8,2.24,171,209.5,15,238
2026-08-17T22:59:37,301.8,2.53,171.1,209.6,15,238
2026-08-17T22:59:39,303.8,2.13,66.6,77.1,15,238
2026-08-17T22:59:41,305.8,2.04,67.1,77.2,15,238
2026-08-17T22:59:43,307.8,2.91,67.5,77.1,15,238
2026-08-17T22:59:45,309.8,2.03,67.7,77.4,15,238
2026-08-17T22:59:47,311.8,1.94,67.7,77.4,15,239
2026-08-17T22:59:49,313.8,2.23,67.1,76.6,15,238
2026-08-17T22:59:51,315.9,1.84,66.6,75.9,15,238
2026-08-17T22:59:53,317.9,2.82,67.3,78.4,15,238
2026-08-17T22:59:55,319.9,1.94,67.4,78.5,15,238
2026-08-17T22:59:57,321.9,2.04,67.2,77,15,238
2026-08-17T22:59:59,323.9,2.62,67.2,77.1,15,238
2026-08-17T23:00:01,325.9,2.53,67.5,77.6,15,238
2026-08-17T23:00:03,327.9,1.74,67.6,77.6,15,238
2026-08-17T23:00:05,329.9,2.72,67.4,78.1,15,238
2026-08-17T23:00:07,332,2.81,67.5,78.2,15,238
2026-08-17T23:00:09,334,2.14,67.6,82.3,15,238
2026-08-17T23:00:11,336,2.43,69,82.2,15,238
2026-08-17T23:00:13,338,2.33,70.5,82.2,15,238
2026-08-17T23:00:15,340,2.14,70.5,82.2,15,238
2026-08-17T23:00:17,342,1.94,71,82.7,15,238
2026-08-17T23:00:19,344,3.3,71,82.7,15,238
2026-08-17T23:00:21,346,2.43,71,82.7,15,238
2026-08-17T23:00:23,348.1,2.9,70.2,80.9,15,238
2026-08-17T23:00:25,350.1,0.97,70.9,81.6,15,238
2026-08-17T23:00:27,352.1,0.97,70.9,81.7,15,238
2026-08-17T23:00:29,354.1,2.33,71,81.7,12,238
2026-08-17T23:00:31,356.1,1.85,70.1,80.7,12,238
2026-08-17T23:00:33,358.1,1.84,70.7,81.2,12,238
2026-08-17T23:00:35,360.1,2.23,70.7,81.3,12,238
2026-08-17T23:00:37,362.1,2.04,70.8,81.4,12,238
2026-08-17T23:00:39,364.1,2.62,70.8,81.4,12,238
2026-08-17T23:00:41,366.2,2.33,70.8,81.4,12,238
2026-08-17T23:00:43,368.2,1.95,70.8,81.8,12,238
2026-08-17T23:00:45,370.2,2.62,70.8,81.8,12,238
2026-08-17T23:00:47,372.2,2.43,70.2,80.7,12,238
2026-08-17T23:00:49,374.2,2.24,70.2,80.7,12,237
2026-08-17T23:00:51,376.2,2.14,70.2,80.7,12,238
2026-08-17T23:00:53,378.2,1.75,70.2,80.7,12,238
2026-08-17T23:00:55,380.2,1.26,70.2,80.7,12,238
2026-08-17T23:00:57,382.2,2.33,70.2,80.7,12,238
2026-08-17T23:00:59,384.2,1.75,70.2,80.7,12,238
2026-08-17T23:01:01,386.3,2.23,70.3,80.9,12,238
2026-08-17T23:01:03,388.3,2.03,70.4,80.9,12,238
2026-08-17T23:01:05,390.3,2.23,70.4,80.9,12,238
2026-08-17T23:01:07,392.3,2.33,70.4,81.1,12,238
2026-08-17T23:01:09,394.3,2.33,70.8,81.7,12,238
2026-08-17T23:01:11,396.3,1.85,70.8,82.2,12,238
2026-08-17T23:01:13,398.3,1.07,70.8,82.2,12,238
2026-08-17T23:01:15,400.4,1.45,70.8,82.2,12,238
2026-08-17T23:01:17,402.4,1.44,70.8,82.2,12,239
2026-08-17T23:01:20,404.4,1.84,70.2,80.8,12,238
2026-08-17T23:01:22,406.4,1.94,70.3,80.8,12,238
2026-08-17T23:01:24,408.4,2.14,58.6,68.1,12,238
2026-08-17T23:01:26,410.4,3.11,61.4,71.7,12,238
2026-08-17T23:01:28,412.5,1.65,61.5,71.7,12,238
2026-08-17T23:01:30,414.5,1.07,61.5,71.7,12,238
2026-08-17T23:01:32,416.5,2.04,61.7,72,12,238
2026-08-17T23:01:34,418.5,2.04,61.7,72,12,238
2026-08-17T23:01:36,420.5,2.61,61.7,72,12,238
2026-08-17T23:01:38,422.5,1.94,61.8,72,12,238
2026-08-17T23:01:40,424.5,2.82,61.8,72,12,238
2026-08-17T23:01:42,426.5,1.75,61.8,72,12,238
2026-08-17T23:01:44,428.6,1.75,61.8,72,12,238
2026-08-17T23:01:46,430.6,2.23,60.7,70.7,12,238
2026-08-17T23:01:48,432.6,1.84,60.7,71,12,238
2026-08-17T23:01:50,434.6,2.03,61.4,72.2,12,238
2026-08-17T23:01:52,436.6,2.04,60.8,71.8,12,238
2026-08-17T23:01:54,438.6,2.33,60.9,71.9,12,238
2026-08-17T23:01:56,440.6,2.13,61.6,76.1,12,238
2026-08-17T23:01:58,442.7,1.75,64.4,76.8,12,238
2026-08-17T23:02:00,444.7,3.1,64.7,77.1,12,238
2026-08-17T23:02:02,446.7,2.03,64.7,77.1,12,238
2026-08-17T23:02:04,448.7,1.55,64.8,77.1,12,238
2026-08-17T23:02:06,450.7,2.23,64.9,77.1,12,238
2026-08-17T23:02:08,452.7,2.13,64.9,77.1,12,238
2026-08-17T23:02:10,454.8,2.24,65,77.1,12,238
2026-08-17T23:02:12,456.8,1.65,65,77.4,12,238
2026-08-17T23:02:14,458.8,2.14,65.1,77.4,12,238
2026-08-17T23:02:16,460.8,2.43,65.3,77.4,12,238
2026-08-17T23:02:18,462.8,1.85,65.3,77.4,12,238
2026-08-17T23:02:20,464.8,1.94,65.3,77.4,12,238
2026-08-17T23:02:22,466.8,1.65,65.5,77.7,12,238
2026-08-17T23:02:24,468.8,1.74,65.6,77.7,12,238
2026-08-17T23:02:26,470.8,1.94,64.6,75.5,12,238
2026-08-17T23:02:28,472.9,1.55,64.8,75.9,12,238
2026-08-17T23:02:30,474.9,2.14,64.9,76,12,238
2026-08-17T23:02:32,476.9,2.63,65,76.1,12,238
2026-08-17T23:02:34,478.9,2.63,64.9,75.8,12,238
2026-08-17T23:02:36,480.9,2.42,64.9,75.9,12,238
2026-08-17T23:02:38,482.9,1.65,65.1,76,12,238
2026-08-17T23:02:40,484.9,1.84,65.2,76,12,238
2026-08-17T23:02:42,486.9,1.35,65.4,76.3,12,238
2026-08-17T23:02:44,489,2.91,65.5,76.3,12,238
2026-08-17T23:02:46,491,2.04,65.6,76.3,12,238
2026-08-17T23:02:48,493,2.03,65.6,76.3,12,238
2026-08-17T23:02:50,495,2.14,66.1,76.7,12,238
2026-08-17T23:02:52,497,2.8,66.1,76.7,12,238
2026-08-17T23:02:54,499,1.85,66.1,76.7,12,238
2026-08-17T23:02:56,501,2.71,66.3,77.4,12,238
2026-08-17T23:02:58,503.1,1.75,66.3,77.4,12,238
2026-08-17T23:03:00,505.1,2.59,66.4,77.7,12,238
2026-08-17T23:03:02,507.1,1.75,65.9,76.9,12,238
2026-08-17T23:03:04,509.1,2.53,66.7,77.7,12,238
2026-08-17T23:03:06,511.1,2.13,66.9,77.9,12,238
2026-08-17T23:03:08,513.1,2.14,67,78.2,12,238
2026-08-17T23:03:10,515.1,1.36,67,78.7,12,238
2026-08-17T23:03:12,517.1,2.73,67,79,12,238
2026-08-17T23:03:14,519.2,2.13,67.1,79,12,238
2026-08-17T23:03:16,521.2,2.33,67.4,88.1,12,238
2026-08-17T23:03:18,523.2,1.85,69.2,88.1,12,238
2026-08-17T23:03:20,525.2,2.03,70.6,88.1,12,238
2026-08-17T23:03:22,527.2,2.04,73.2,87.1,12,238
2026-08-17T23:03:24,529.2,2.52,73.9,87.2,12,238
2026-08-17T23:03:26,531.2,2.72,73.9,87.2,12,238
2026-08-17T23:03:28,533.2,1.65,73.9,87.2,12,238
2026-08-17T23:03:30,535.3,2.43,72.8,85.6,12,238
2026-08-17T23:03:32,537.3,2.33,72.8,85.6,12,238
2026-08-17T23:03:34,539.3,1.36,72.8,85.7,12,238
2026-08-17T23:03:36,541.3,2.81,72.8,85.7,12,238
2026-08-17T23:03:38,543.3,1.95,72.9,85.8,12,238
2026-08-17T23:03:40,545.3,1.75,72.9,85.9,12,238
2026-08-17T23:03:42,547.3,1.84,72.9,85.9,12,238
2026-08-17T23:03:44,549.3,2.03,72.9,85.9,12,238
2026-08-17T23:03:46,551.3,2.53,73,85.9,14,238
2026-08-17T23:03:48,553.4,2.43,73,85.9,14,238
2026-08-17T23:03:50,555.4,1.94,73.3,86.2,14,238
2026-08-17T23:03:52,557.4,1.55,73.6,86.6,14,238
2026-08-17T23:03:54,559.4,2.42,73.6,86.6,14,238
2026-08-17T23:03:56,561.4,2.14,73.6,86.6,14,238
2026-08-17T23:03:59,563.4,2.51,73.6,86.6,14,238
2026-08-17T23:04:01,565.4,2.71,73.6,86.6,14,238
2026-08-17T23:04:03,567.4,2.04,73.6,87.4,14,238
2026-08-17T23:04:05,569.5,2.72,73.6,87.4,14,238
2026-08-17T23:04:07,571.5,2.52,73.6,87.4,14,238
2026-08-17T23:04:09,573.5,2.52,73.6,87.4,14,238
2026-08-17T23:04:11,575.5,2.33,73.6,87.4,14,238
2026-08-17T23:04:13,577.5,2.13,73.6,87.4,14,238
2026-08-17T23:04:15,579.5,1.65,73.6,87.4,14,238
2026-08-17T23:04:17,581.5,2.13,73.6,87.4,14,238
2026-08-17T23:04:19,583.5,2.53,73.6,87.4,14,238
2026-08-17T23:04:21,585.6,2.22,73.6,87.4,14,238
2026-08-17T23:04:23,587.6,2.53,73.6,87.4,14,238
2026-08-17T23:04:25,589.6,1.75,73.6,87.4,14,238
2026-08-17T23:04:27,591.6,2.24,73.6,87.4,14,238
2026-08-17T23:04:29,593.6,1.95,72.8,85.7,14,238
2026-08-17T23:04:31,595.6,2.72,73.4,86.4,14,238
2026-08-17T23:04:33,597.6,1.55,73.4,86.4,14,238
2026-08-17T23:04:35,599.6,1.66,73.4,86.4,14,238
2026-08-17T23:04:37,601.6,2.52,72.8,85.7,14,238
2026-08-17T23:04:39,603.6,2.92,72.9,85.8,14,238
2026-08-17T23:04:41,605.7,1.17,72.9,85.8,14,238
2026-08-17T23:04:43,607.7,2.32,72.9,85.8,14,238
2026-08-17T23:04:45,609.7,2.62,73.1,86.1,14,238
2026-08-17T23:04:47,611.7,1.84,73.2,86.2,14,238
2026-08-17T23:04:49,613.7,2.91,73.2,86.2,14,238
2026-08-17T23:04:51,615.7,1.94,73.2,86.2,14,238
2026-08-17T23:04:53,617.8,2.03,73.2,86.2,14,238
2026-08-17T23:04:55,619.8,2.43,73.2,86.2,14,238
2026-08-17T23:04:57,621.8,2.32,73.2,86.2,12,238
2026-08-17T23:04:59,623.8,2.05,73.2,86.2,12,238
2026-08-17T23:05:01,625.8,1.84,73.2,86.2,12,238
2026-08-17T23:05:03,627.8,3.01,74,86.9,12,238
2026-08-17T23:05:05,629.8,2.33,74,87.3,12,238
2026-08-17T23:05:07,631.8,2.53,72.7,85.6,12,238
2026-08-17T23:05:09,633.8,2.62,72.7,85.6,12,238
2026-08-17T23:05:11,635.9,2.73,72.9,85.8,12,238
2026-08-17T23:05:13,637.9,1.85,72.9,85.8,12,238
2026-08-17T23:05:15,639.9,2.23,72.9,86.7,12,238
2026-08-17T23:05:17,641.9,2.23,72.9,86.7,12,238
2026-08-17T23:05:19,643.9,1.74,72.9,86.7,12,238
2026-08-17T23:05:21,645.9,1.55,73,86.7,12,238
2026-08-17T23:05:23,647.9,2.13,73,86.7,12,238
2026-08-17T23:05:25,649.9,1.65,73.1,86.7,12,238
2026-08-17T23:05:27,652,2.33,73.1,86.7,12,238
2026-08-17T23:05:29,654,1.56,73.1,86.7,12,238
2026-08-17T23:05:31,656,1.93,73.1,86.7,12,238
2026-08-17T23:05:33,658,2.23,73.1,86.7,12,238
2026-08-17T23:05:35,660,2.13,73.8,87.3,12,238
2026-08-17T23:05:37,662,2.04,73.8,87.3,12,238
2026-08-17T23:05:39,664,1.75,73.8,87.3,12,238
2026-08-17T23:05:41,666,2.72,73.8,87.3,12,238
2026-08-17T23:05:43,668.1,2.81,73.8,87.3,12,238
2026-08-17T23:05:45,670.1,1.95,73.8,87.3,12,238
2026-08-17T23:05:47,672.1,1.46,73,85.5,12,238
2026-08-17T23:05:49,674.1,1.84,73.1,85.5,12,238
2026-08-17T23:05:51,676.1,1.75,73.1,85.6,12,238
2026-08-17T23:05:53,678.1,2.23,73.2,85.6,12,238
2026-08-17T23:05:55,680.1,2.82,73.2,85.6,12,238
2026-08-17T23:05:57,682.1,2.14,73.4,86.3,12,238
2026-08-17T23:05:59,684.2,2.14,73.4,86.3,12,238
2026-08-17T23:06:01,686.2,1.94,73.6,86.8,12,239
2026-08-17T23:06:03,688.2,2.62,73.6,86.8,12,238
2026-08-17T23:06:05,690.2,1.55,73.7,87,12,238
2026-08-17T23:06:07,692.2,2.14,73.7,86.8,12,238
2026-08-17T23:06:09,694.2,2.04,74.4,87.5,12,238
2026-08-17T23:06:11,696.2,1.55,74.5,87.5,12,238
2026-08-17T23:06:13,698.2,2.03,74.6,87.5,12,238
2026-08-17T23:06:15,700.3,1.75,74.7,87.5,12,238
2026-08-17T23:06:17,702.3,1.56,74.7,87.5,12,238
2026-08-17T23:06:19,704.3,2.23,74.8,87.5,12,238
2026-08-17T23:06:21,706.3,2.23,74.8,87.5,12,238
2026-08-17T23:06:23,708.3,1.75,75.1,104.1,12,238
2026-08-17T23:06:25,710.3,2.24,75.2,104.1,12,238
2026-08-17T23:06:27,712.3,2.81,78.6,104.1,12,238
2026-08-17T23:06:29,714.3,1.56,81.4,104.1,12,238
2026-08-17T23:06:31,716.3,1.93,81.4,104.1,12,238
2026-08-17T23:06:33,718.3,1.75,82.5,104.1,12,238
2026-08-17T23:06:35,720.4,1.36,86.1,104.1,12,238
2026-08-17T23:06:37,722.4,2.33,87.9,104.1,12,238
2026-08-17T23:06:39,724.4,2.43,87.9,104.1,12,238
2026-08-17T23:06:41,726.4,1.84,87.9,104.1,12,238
2026-08-17T23:06:44,728.4,0.97,87.9,104.1,12,238
2026-08-17T23:06:46,730.4,1.84,87.9,104.1,12,238
2026-08-17T23:06:48,732.4,2.04,87.9,104.1,12,238
2026-08-17T23:06:50,734.4,2.24,87.9,104.1,12,238
2026-08-17T23:06:52,736.4,1.75,87.9,104.1,12,238
2026-08-17T23:06:54,738.5,2.13,87.9,104.1,12,238
2026-08-17T23:06:56,740.5,2.62,87.9,104.1,12,238
2026-08-17T23:06:58,742.5,2.33,87.9,104.1,12,239
2026-08-17T23:07:00,744.5,2.04,87.9,104.3,12,238
2026-08-17T23:07:02,746.5,1.46,87.9,104.3,12,238
2026-08-17T23:07:04,748.5,2.23,87.9,104.3,12,239
2026-08-17T23:07:06,750.5,2.24,87.9,104.3,12,238
2026-08-17T23:07:08,752.5,2.23,87.9,104.3,12,238
2026-08-17T23:07:10,754.5,1.94,87.9,104.3,12,239
2026-08-17T23:07:12,756.6,2.33,87.9,104.3,12,238
2026-08-17T23:07:14,758.6,1.85,87.9,104.3,12,238
2026-08-17T23:07:16,760.6,2.23,87.9,104.3,12,238
2026-08-17T23:07:18,762.6,2.72,87.9,104.3,12,238
2026-08-17T23:07:20,764.6,2.72,87.9,104.3,12,238
2026-08-17T23:07:22,766.6,2.23,87.9,104.3,12,238
2026-08-17T23:07:24,768.6,2.03,87.9,104.3,12,238
2026-08-17T23:07:26,770.6,1.85,87.9,104.3,12,238
2026-08-17T23:07:28,772.7,2.14,87.9,104.3,12,238
2026-08-17T23:07:30,774.7,2.72,87.9,104.3,12,238
2026-08-17T23:07:32,776.7,1.45,87.9,104.3,12,238
2026-08-17T23:07:34,778.7,2.24,87.9,104.3,12,238
2026-08-17T23:07:36,780.7,1.65,87.9,104.3,12,238
2026-08-17T23:07:38,782.7,1.55,87.9,104.3,12,238
2026-08-17T23:07:40,784.8,2.52,87.9,104.3,12,238
2026-08-17T23:07:42,786.8,1.65,87.9,104.3,12,238
2026-08-17T23:07:44,788.8,1.65,87.9,104.3,12,238
2026-08-17T23:07:46,790.8,2.33,87.2,103.2,12,238
2026-08-17T23:07:48,792.8,2.82,87.7,103.9,12,238
2026-08-17T23:07:50,794.8,1.65,87.8,104,12,238
2026-08-17T23:07:52,796.8,2.43,87.8,104,12,239
2026-08-17T23:07:54,798.8,1.74,87.8,104,12,238
2026-08-17T23:07:56,800.9,1.55,87.8,104,12,238
2026-08-17T23:07:58,802.9,1.56,87.8,104,12,238
2026-08-17T23:08:00,804.9,2.53,87.8,104,12,238
2026-08-17T23:08:02,806.9,2.32,87.8,104,12,238
2026-08-17T23:08:04,808.9,2.14,87.8,104.1,12,238
2026-08-17T23:08:06,810.9,2.24,87.8,104.1,12,238
2026-08-17T23:08:08,812.9,2.33,87.8,104.1,12,238
2026-08-17T23:08:10,814.9,1.75,88.1,104.2,12,238
2026-08-17T23:08:12,816.9,2.14,88.1,104.2,12,238
2026-08-17T23:08:14,818.9,1.75,88.1,104.2,12,238
2026-08-17T23:08:16,821,2.14,88.1,104.2,12,238
2026-08-17T23:08:18,823,1.93,88.1,104.2,12,238
2026-08-17T23:08:20,825,1.94,88.1,104.2,12,238
2026-08-17T23:08:22,827,1.46,88.1,104.2,12,238
2026-08-17T23:08:24,829,1.27,88.1,104.2,12,239
2026-08-17T23:08:26,831,2.14,88.1,104.2,12,238
2026-08-17T23:08:28,833,1.26,88.1,104.2,12,238
2026-08-17T23:08:30,835,1.56,88.1,104.2,12,238
2026-08-17T23:08:32,837,1.84,88.1,104.2,12,238
2026-08-17T23:08:34,839.1,2.52,88.1,104.2,12,238
2026-08-17T23:08:36,841.1,0.97,88.1,104.2,12,238
2026-08-17T23:08:38,843.1,0.97,88.1,104.2,12,238
2026-08-17T23:08:40,845.1,1.07,88.1,104.2,12,238
2026-08-17T23:08:42,847.1,1.16,88.1,104.2,12,238
2026-08-17T23:08:44,849.1,2.04,88.1,104.2,12,238
2026-08-17T23:08:46,851.1,1.07,88.1,104.2,12,238
2026-08-17T23:08:48,853.1,1.65,88.1,104.2,12,238
2026-08-17T23:08:50,855.1,2.14,88.1,104.2,12,238
2026-08-17T23:08:52,857.2,1.65,88.1,104.2,12,238
2026-08-17T23:08:54,859.2,2.13,88.1,104.2,12,238
2026-08-17T23:08:56,861.2,1.85,88.1,104.2,12,238
2026-08-17T23:08:58,863.2,1.35,88.1,104.2,12,238
2026-08-17T23:09:00,865.2,2.43,87.4,103.6,12,238
2026-08-17T23:09:02,867.2,2.24,87.9,104.2,12,238
2026-08-17T23:09:04,869.2,2.14,87.5,103.6,12,238
2026-08-17T23:09:06,871.2,1.65,87.5,103.6,12,238
2026-08-17T23:09:08,873.2,1.75,87.6,103.6,12,238
2026-08-17T23:09:10,875.3,2.04,88.1,104.2,12,238
2026-08-17T23:09:12,877.3,2.23,88.1,104.2,12,238
2026-08-17T23:09:14,879.3,3.01,88.1,104.2,12,238
2026-08-17T23:09:16,881.3,1.65,88.1,104.2,12,238
2026-08-17T23:09:18,883.3,2.53,88.2,104.2,12,238
2026-08-17T23:09:20,885.3,2.8,88.2,104.2,12,238
2026-08-17T23:09:22,887.3,1.36,88.2,104.2,12,238
2026-08-17T23:09:24,889.3,2.04,88.2,104.2,12,238
2026-08-17T23:09:26,891.4,2.22,88.2,104.2,12,238
2026-08-17T23:09:28,893.4,2.91,88.2,104.2,12,238
2026-08-17T23:09:30,895.4,2.53,88.2,104.2,12,238
2026-08-17T23:09:32,897.4,2.62,88.2,104.2,12,238
2026-08-17T23:09:34,899.4,1.85,88.2,104.2,12,238
2026-08-17T23:09:37,901.4,2.22,88.2,104.2,12,238
2026-08-17T23:09:39,903.4,2.43,88.3,104.2,12,238
2026-08-17T23:09:41,905.4,2.33,87.8,103.5,12,238
2026-08-17T23:09:43,907.5,1.84,88,103.8,12,238
2026-08-17T23:09:45,909.5,2.62,88.1,103.8,12,238
2026-08-17T23:09:47,911.5,2.13,88.4,104.3,12,238
2026-08-17T23:09:49,913.5,2.14,88.4,104.3,12,238
2026-08-17T23:09:51,915.5,2.52,88.4,104.3,12,238
2026-08-17T23:09:53,917.5,2.24,88.4,104.3,12,238
2026-08-17T23:09:55,919.5,2.14,88.5,104.6,12,238
2026-08-17T23:09:57,921.5,2.92,88.5,104.6,12,238
2026-08-17T23:09:59,923.5,1.74,88.5,104.6,12,238
2026-08-17T23:10:01,925.6,1.95,88.6,104.6,12,238
2026-08-17T23:10:03,927.6,2.13,88.8,104.8,12,238
2026-08-17T23:10:05,929.6,1.85,88.8,104.8,12,238
2026-08-17T23:10:07,931.6,2.14,88.8,104.8,12,238
2026-08-17T23:10:09,933.6,2.04,88.9,104.8,12,238
2026-08-17T23:10:11,935.6,2.43,88.9,104.8,12,238
2026-08-17T23:10:13,937.6,1.75,88.9,104.8,12,238
2026-08-17T23:10:15,939.6,1.85,89.3,105.2,12,238
2026-08-17T23:10:17,941.7,1.74,89.4,105.2,12,238
2026-08-17T23:10:19,943.7,1.36,89.4,105.2,12,238
2026-08-17T23:10:21,945.7,1.84,89.4,105.2,12,238
2026-08-17T23:10:23,947.7,1.65,89.4,105.2,12,238
2026-08-17T23:10:25,949.7,2.04,89.5,105.5,12,238
2026-08-17T23:10:27,951.7,2.53,89.5,105.5,12,238
2026-08-17T23:10:29,953.7,1.65,89.5,105.5,12,238
2026-08-17T23:10:31,955.7,1.55,89.6,106,12,211
2026-08-17T23:10:33,957.7,0,89.6,106,12,211
2026-08-17T23:10:35,959.8,0,89.6,106,12,211
2026-08-17T23:10:37,961.8,0,89.6,106,12,211
